{"properties":{"id":{"minimum":0,"maximum":99},"height":{"minimum":0.8567521348595619,"maximum":99.92014882154763}},"geometricError":7,"root":{"box":[-1.319970476767974,0.6986942109000001,-1.3199295232320258,0.6987257891,0,20],"geometricError":0,"content":{"url":"batchedEmptyGltf.b3dm"}}}
