{"properties":{"id":{"minimum":0,"maximum":99},"height":{"minimum":0.48769961576908827,"maximum":99.1795523557812}},"geometricError":4,"root":{"box":[-1.319970476767974,0.6986942109000001,-1.3199295232320258,0.6987257891,0,9],"geometricError":0,"content":{"url":"instancedGltfEmbedded.i3dm"}}}
